<?xml version='1.0' encoding='utf8'?>
<manifest xmlns="http://www.imsglobal.org/xsd/imsccv1p1/imscp_v1p1" xmlns:xsi="http://www.w3.org/2001/XMLSchema-instance" identifier="i595177d21a726452731ea55437e4c4d4" xsi:schemaLocation="http://www.imsglobal.org/xsd/imsccv1p1/imscp_v1p1 http://www.imsglobal.org/xsd/imscp_v1p1.xsd http://ltsc.ieee.org/xsd/imsccv1p1/LOM/resource http://www.imsglobal.org/profile/cc/ccv1p1/LOM/ccv1p1_lomresource_v1p0.xsd http://www.imsglobal.org/xsd/imsmd_v1p2 http://www.imsglobal.org/xsd/imsmd_v1p2p2.xsd">
  <metadata>
    <schema>IMS Content</schema>
    <schemaversion>1.1.3</schemaversion>
  </metadata>
  <organizations />
  <resources>
    <resource identifier="bank1" type="imsqti_xmlv1p2">
      <file href="bank1/bank1.xml1234/1234.xml" />
    </resource>
    <resource href="testImage.png" identifier="pic1" type="webcontent">
      <file href="testImage.png" />
    </resource>
  </resources>
</manifest>
