<?xml version="1.0" encoding="UTF-8"?>
<manifest identifier="i595177d21a726452731ea55437e4c4d4" xmlns="http://www.imsglobal.org/xsd/imsccv1p1/imscp_v1p1" xmlns:lom="http://ltsc.ieee.org/xsd/imsccv1p1/LOM/resource" xmlns:imsmd="http://www.imsglobal.org/xsd/imsmd_v1p2" xmlns:xsi="http://www.w3.org/2001/XMLSchema-instance" xsi:schemaLocation="http://www.imsglobal.org/xsd/imsccv1p1/imscp_v1p1 http://www.imsglobal.org/xsd/imscp_v1p1.xsd http://ltsc.ieee.org/xsd/imsccv1p1/LOM/resource http://www.imsglobal.org/profile/cc/ccv1p1/LOM/ccv1p1_lomresource_v1p0.xsd http://www.imsglobal.org/xsd/imsmd_v1p2 http://www.imsglobal.org/xsd/imsmd_v1p2p2.xsd">
  <metadata>
    <schema>IMS Content</schema>
    <schemaversion>1.1.3</schemaversion>
    <imsmd:lom>
      <imsmd:general>
        <imsmd:title>
          <imsmd:string>QTI Quiz Export for course "LOTI_Jackson"</imsmd:string>
        </imsmd:title>
      </imsmd:general>
      <imsmd:lifeCycle>
        <imsmd:contribute>
          <imsmd:date>
            <imsmd:dateTime>2018-10-04</imsmd:dateTime>
          </imsmd:date>
        </imsmd:contribute>
      </imsmd:lifeCycle>
      <imsmd:rights>
        <imsmd:copyrightAndOtherRestrictions>
          <imsmd:value>yes</imsmd:value>
        </imsmd:copyrightAndOtherRestrictions>
        <imsmd:description>
          <imsmd:string>CC Attribution - http://creativecommons.org/licenses/by/4.0</imsmd:string>
        </imsmd:description>
      </imsmd:rights>
    </imsmd:lom>
  </metadata>
  <organizations/>
  <resources>
    <resource identifier="i96e822e31f75ab7b85b25901c6d68ef8" type="imsqti_xmlv1p2">
      <file href="i96e822e31f75ab7b85b25901c6d68ef8/i96e822e31f75ab7b85b25901c6d68ef8.xml"/>
      <dependency identifierref="i6771690ad0e141707fa7b6c17e4cbccd"/>
    </resource>
    <resource identifier="i6771690ad0e141707fa7b6c17e4cbccd" type="associatedcontent/imscc_xmlv1p1/learning-application-resource" href="i96e822e31f75ab7b85b25901c6d68ef8/assessment_meta.xml">
      <file href="i96e822e31f75ab7b85b25901c6d68ef8/assessment_meta.xml"/>
    </resource>
    <resource identifier="iea8b4437834a909418d66d9d1ab2d927" type="webcontent" href="Quiz Files/testImport_466828/testImage copy.png">
      <file href="Quiz Files/testImport_466828/testImage copy.png"/>
    </resource>
    <resource identifier="icc9e8c17382ecbc4d12d6a39f409dfeb" type="webcontent" href="Quiz Files/testImport_466828/testImage.png">
      <file href="Quiz Files/testImport_466828/testImage.png"/>
    </resource>
  </resources>
</manifest>
